NV21,Hà Tiều Phu,0999888777,03/08/2026,10:30-22:00
NV21,Hà Tiều Phu,0999888777,04/08/2026,10:30-22:00
NV21,Hà Tiều Phu,0999888777,05/08/2026,10:30-22:00
NV21,Hà Tiều Phu,0999888777,06/08/2026,10:30-22:00
NV21,Hà Tiều Phu,0999888777,08/08/2026,10:30-22:00
NV21,Hà Tiều Phu,0999888777,09/08/2026,10:30-22:00
NV21,Hà Tiều Phu,0999888777,10/08/2026,10:30-22:00
NV21,Hà Tiều Phu,0999888777,11/08/2026,10:30-22:00
NV21,Hà Tiều Phu,0999888777,12/08/2026,10:30-22:00
NV21,Hà Tiều Phu,0999888777,13/08/2026,10:30-22:00
NV21,Hà Tiều Phu,0999888777,14/08/2026,10:30-22:00
NV21,Hà Tiều Phu,0999888777,15/08/2026,10:30-22:00
NV21,Hà Tiều Phu,0999888777,16/08/2026,10:30-22:00
NV21,Hà Tiều Phu,0999888777,17/08/2026,10:30-22:00
NV21,Hà Tiều Phu,0999888777,18/08/2026,10:30-22:00
NV21,Hà Tiều Phu,0999888777,19/08/2026,10:30-22:00
NV21,Hà Tiều Phu,0999888777,20/08/2026,10:30-22:00
NV21,Hà Tiều Phu,0999888777,21/08/2026,10:30-22:00
NV21,Hà Tiều Phu,0999888777,22/08/2026,10:30-22:00
NV21,Hà Tiều Phu,0999888777,23/08/2026,10:30-22:00
NV21,Hà Tiều Phu,0999888777,24/08/2026,10:30-22:00
NV21,Hà Tiều Phu,0999888777,25/08/2026,10:30-22:00
NV21,Hà Tiều Phu,0999888777,26/08/2026,10:30-22:00
NV21,Hà Tiều Phu,0999888777,27/08/2026,10:30-22:00
NV21,Hà Tiều Phu,0999888777,28/08/2026,10:30-22:00
NV21,Hà Tiều Phu,0999888777,29/08/2026,10:30-22:00
NV21,Hà Tiều Phu,0999888777,30/08/2026,10:30-22:00
NV21,Hà Tiều Phu,0999888777,31/08/2026,10:30-22:00
NV21,Hà Tiều Phu,0999888777,01/09/2026,10:30-22:00
NV21,Hà Tiều Phu,0999888777,02/09/2026,10:30-22:00
NV21,Hà Tiều Phu,0999888777,03/09/2026,10:30-22:00
NV01,Bùi Ngọc Trang,0938260316,14/08/2026,07:00-15:00
NV01,Bùi Ngọc Trang,0938260316,21/08/2026,07:00-15:00
NV01,Bùi Ngọc Trang,0938260316,28/08/2026,07:00-15:00
NV01,Bùi Ngọc Trang,0938260316,04/09/2026,07:00-15:00
NV01,Bùi Ngọc Trang,0938260316,07/08/2026,07:00-15:00
